,40-rr,40-greedy,80-rr,80-greedy,160-rr,160-greedy
0,-62.861870454657286,-5.705233425340097,-2.5171206541107267,-44.02343652878704,-8.190195080861997,33.52606367685124
1,50.04630198238746,-90.93547052851387,-96.23987444357698,-74.7611274671255,4.970527050012109,30.914807230418916
2,-134.3149572766454,-73.85359521889411,-9.23608065652867,-27.762762885619452,7.747776101750048,14.834217137391448
3,-108.25680844365274,-58.70282740938389,34.98287043329145,12.115181029832684,-2.148363872087316,27.75608330230625
4,-99.42500890244219,-96.24182623926896,-108.29803810415001,10.745421129175242,31.83590802142254,29.007739718053756
5,-15.946970932806366,-41.916504280299954,-51.28267451016973,18.2610886493798,4.5443795162535565,37.755783031053994
6,-145.69344275206865,-40.40268308766338,-31.679923560300267,-24.120554271068386,54.4760980875333,17.85268861455853
7,8.006225620035195,10.589994400559164,36.39425822846414,-11.70779120305798,35.90980189731181,22.92335505763114
8,-124.49319562879955,9.626135935296219,-96.16599796158911,-4.492660302307883,268.6577040433598,3.6744042271729143
9,-110.53910680415396,10.429357745707762,8.403899754339221,-8.239872061982652,27.19647799072267,27.180876337926833
10,24.19875993259714,2.501440563870176,-37.45257494933523,62.00473542978557,15.740343817988531,35.06356605224016
11,-98.14360822820939,30.28153937596943,16.699654959727155,34.66194519382884,-11.646894300997573,193.38515398000476
12,-49.25664433749502,-37.022394887670416,-70.49963502106885,6.63854972319983,-7.7022794656527225,44.49273689052703
13,-155.9453061261434,-86.58478645170192,11.0801337373708,27.964849329669363,14.584423739875191,24.23309395850059
14,-119.42459665894458,19.734763800535063,-113.6000762945645,8.760440918794103,24.68050021751833,19.32908400579072
15,-169.6149461589272,24.086227864383417,-94.60106484587561,32.55542677729915,6.979593726508767,37.448723784689975
16,-143.8794385011548,9.886861870475656,-92.1879361337042,241.28536832508863,24.4046238773916,46.528138780093656
17,-152.33146203092056,-8.797780695813401,-127.83396910406972,3.011976795875313,2.718353440352516,27.067359844689562
18,-39.07383873178159,-16.57144440855214,-170.14420125586773,15.747609499873121,-66.33681233209748,34.681090688490826
19,40.002268233192524,-45.79804536286767,-88.76720359115131,34.827534334189465,-16.477361081780074,26.72311190303094
20,54.49269871235299,-79.23826538305289,-106.7186073694327,32.60711750831436,1.5165941184957603,22.143129542906237
21,-137.78247988227696,-19.929103436892404,-4.470361107650021,1.5466754989477636,56.768387649818834,279.0171641437288
22,-94.99009693870701,-35.790734619143564,8.828500072943797,218.78812458289443,-31.049514430013588,41.169893924550024
23,-22.472675149066816,-14.683129222965164,224.97636949060094,239.2921330960524,-43.55605157707456,227.50805457046442
24,-86.4944051356928,-31.68152677590119,-24.009738621386262,27.80978773541176,-35.82359653194766,33.52537093603112
25,-130.0506358956804,0.44147372967557885,-84.51575450240355,229.6695002134986,-45.68174161285276,-0.6835110084354881
26,-95.13274477177974,43.65196964013455,18.577953620662697,30.28877306478867,15.97854029755274,247.11621885921193
27,-144.7999346909291,-5.528188127759506,44.14064140738199,32.46778866896051,66.60308862701027,31.10001231063481
28,-28.686428530739775,-12.695908657966783,1.1219483268343282,251.3396618323631,23.852656453690912,22.09659056860312
29,1.745014659942683,19.53026764078905,-62.560109203331436,42.26234146642926,10.698156753093016,267.35125504662983
30,-18.24878327572047,27.45780622295989,-92.76325653808848,42.598399334774314,13.426892520144463,26.0665503786514
31,-103.7730939051165,10.131319858217267,20.855566511023397,21.17547541208262,68.97756543072282,41.622327501534755
32,-92.09270851845017,-23.877718051738526,-87.33310046473991,70.41373322379603,26.25777758719748,27.650216287047172
33,-98.45563539957226,48.68162158561009,-14.453180273613611,297.2038400431287,31.772245464561593,38.60586126957645
34,-101.42323249584453,10.208173399844583,-9.772874002861286,47.33747898174954,189.06556475376124,23.248892482989305
35,-72.70959941407989,9.781363922345193,-94.8704435627881,0.806751261373762,48.55762053707417,266.87322869554623
36,-63.638750062211045,-4.547388865180864,-12.850989707419885,59.418159376274446,-0.9217468505085691,250.17713309129437
37,-62.49629607167557,23.39219085970555,-7.240153152050425,18.30998740680309,256.7708838273976,246.89514163347602
38,-103.2523107490799,-27.91459587339166,-37.78644965074284,18.220324566201995,-31.246972532189957,239.12652278145038
39,3.3509906899222273,6.327409981379205,-5.093748364629988,62.732573972100795,3.662833356592472,32.57263098938182
40,-62.153478529965554,260.06714107269977,-42.77516655816035,30.251302202836428,13.007824254832954,265.2640172893001
41,-127.14987388691685,-36.18733197142868,-121.4673201256775,55.3804694637401,-53.18431094234002,27.500993682019555
42,-104.63965857955974,45.70879990926136,-17.42529854378367,24.18774805915639,-25.764122851142957,61.03916825716772
43,4.1085856914934595,19.929916710013885,-110.80160090461003,16.867081334887942,-9.785586806312125,238.30806758091336
44,-118.33795497389296,6.4306873407626455,-20.094388100339742,204.7554733906719,39.31253861039103,262.15998432508496
45,-92.02103206027239,33.25793645691655,-99.9575592341547,236.67949335914653,12.751517248835128,265.2567833571799
46,-53.934182027468225,-23.20537228871234,-23.700692656407682,55.18845672603365,28.95479907492529,242.72221289990551
47,14.206733286660466,-78.90515833112292,-57.50751590210549,30.586428823342345,-11.980376551006657,23.1079202997759
48,-66.94417852530006,-80.14479617288825,-14.970647969518893,18.307253803696,-17.417236677001696,248.08126780609896
49,-38.91491862896228,-89.5585213446544,183.2990429606278,268.1779253562809,6.110765940912501,257.5248834915868
50,-120.1291913292007,14.609517284719175,161.44311929232435,29.074405419176173,-47.390925729237395,249.96131068946033
51,-125.4962599001252,-19.058404440943008,-26.365886495367292,40.113780936122794,-38.68630390258613,238.73988621622374
52,-134.45141843643285,-91.1119067267957,-117.27565465685144,45.742648903203815,30.830713377187976,282.80763251669384
53,-100.47100792189654,-33.49697063472888,-66.17293250874346,20.31364852908007,11.364619286100876,53.622832260124966
54,-160.11190454678987,7.662075359953008,-162.16898485765088,272.81170123359607,49.389168171294386,284.50996687611223
55,-14.335093466273818,29.350198222619554,-160.51435570034133,33.74344517764624,32.271651874329905,245.91203470689214
56,-25.330584439349295,1.180058740510617,-123.35368863709945,46.82175304543074,28.40188995977394,28.061425475197495
57,-60.65182971588483,-26.117461105982528,-73.69955478643794,32.13752921440164,61.444896689196526,280.99286450553666
58,-55.76304776690547,18.2161736564191,-0.621533661404456,23.76240612860731,28.230829856526555,277.9958103748889
59,-127.9700256178096,-41.89895046516136,-231.0674734787996,268.1226774817799,26.398502147215268,213.95022036774776
60,17.213234870409877,-7.540262721052983,-216.84706611160803,239.03262042498145,16.81609387494443,268.5332064096497
61,-89.30189574890444,-93.11864136616703,-227.47744837684257,43.698228559357574,23.413050740279175,278.3885494666215
62,-101.63941904293912,-88.02945881759095,-96.73397592986016,42.97061406194439,30.840006756229656,244.70977863695524
63,32.69137419037165,-96.74378011784961,-123.61188437402085,20.917125774576036,33.10839264113744,25.580328118350934
64,-67.96822915823242,-12.117891643022688,-274.04495254982953,6.647564816186176,-63.228341739408485,255.2091126826316
65,-126.60381360504364,27.979375888087674,-174.73083128011828,38.20021606568474,16.69954344683447,279.9664098340542
66,-119.82587769948836,12.147118916845983,-299.37807831853013,66.97119959776035,41.48049872320223,31.136819330706857
67,-105.2249544707351,35.37146570920112,-191.083306798779,41.79500139286833,12.63612394481045,37.71940548083688
68,-113.29902635357408,36.54654096039462,-12.036916775967683,30.335437622854386,-70.79659191538116,34.78878328007133
69,-104.64331522002615,-81.30904883713228,-244.90763305020627,62.657841311428115,11.375892637780211,172.6194856533948
70,-76.8933316410348,-83.36660636178439,-4.434673204180555,238.69601880392446,37.10326364524943,245.71224142633355
71,-100.55924531137394,15.087746484216979,-161.4451491432358,29.802908351506943,-2.415585457096796,250.60153820035634
72,-96.68637114904867,41.85706236658331,-221.2417338335233,44.76485432124383,46.49908607706786,77.93282823062174
73,-93.96036360848414,-87.1971431684623,-227.11083276389655,260.06671066559716,22.613644972763453,35.81351307234155
74,-65.58524531824013,-33.42567864818409,-292.9884803210007,49.2608946523944,20.54809552555777,287.6544452360314
75,-24.788317324952274,-13.664424066687104,-170.13967624547763,222.99303059167244,50.92267775100089,238.92267357661643
76,-60.365887623998816,-34.16973076452726,-229.82744365269127,23.12476865051363,-49.87929248282279,34.29454385229246
77,45.5261162114019,2.4553291465541207,124.11333707289978,253.22021491366314,-7.8338699835541235,255.23806359162288
78,-39.57379912319351,34.924701544441234,-210.69224731393243,252.46053656912585,-91.46385603794465,286.91988371859
79,223.6148451667003,34.17953247637456,-75.72963874722373,227.58498794977834,57.76786907043936,287.51107996944756
80,-73.056816234613,-27.46576067037344,-289.6426454781307,262.34968095964234,19.356551015189623,201.45256604753808
81,-123.04691014933968,-1.6627935616682805,-284.5877831917137,25.63763467233963,-4.128836689656865,305.0365947683133
82,-65.4135254973377,5.706857514408057,-242.6234905954295,269.1402442277199,46.49780985922979,244.12063841772283
83,-93.84944880871124,-91.220133038819,-309.3312850562271,233.04283648166884,11.676385437061839,241.54193134697576
84,-339.7449961448318,-74.80304690378799,-293.8694112043645,220.21698771639615,21.763556029820748,239.64855878948217
85,-93.95389893890113,5.161806141494111,-89.57971281703405,293.90856912210677,1.6087538211450152,263.92833549684144
86,-114.2244179240781,-14.004938970462817,-115.40029920993233,25.993017003899837,-113.07939766957762,63.62287734828064
87,-115.20950556017291,1.1293904164704855,-213.3832576985974,38.50870544350937,11.424611794968627,263.0976093041589
88,-408.2208073465568,-0.7121991403148797,-265.3746412278466,55.72342426363504,-48.376313541104736,254.87057639781344
89,-350.88000962081435,-5.843055643956546,-270.4584954986826,219.9537535892193,-21.107579459725258,276.1868481076051
90,-125.2379326080779,-25.46793954322503,-277.9378075497088,34.453579887926594,-77.44707475407051,216.71143499294192
91,-179.11474976304385,13.904028107823805,-352.5574697594992,258.0959483167674,-62.85524234835313,263.364752420271
92,-380.0189779797884,-68.46907350378325,-195.9799934103365,259.7540566732537,10.108955534536236,269.6280893564906
93,-222.7875839311048,14.11251886724341,-206.79822345243372,256.1068004519688,8.980748356018069,267.63375517602105
94,-398.3906322147424,-90.97456047643453,-223.6287348436761,242.30121743066917,-49.1286467584694,280.5929956832926
95,-96.44624853933739,46.472472519423036,-67.92688883650257,296.81566009828146,-34.20711421440828,251.52545273771455
96,-96.67108452839744,-36.86224554717501,-148.3583561010886,235.01188228527982,30.269241377251348,270.726818212795
97,-99.13625560911596,-88.11509337329619,-177.40950952407312,234.29789630713407,-58.81104862577874,35.183863880225715
98,25.693902347441494,11.035767189441458,6.430145790770908,54.81204590083229,-40.60212559418375,259.9535168380696
99,-100.12582761874711,12.803667888939117,-84.43006059463369,250.43559990884995,12.6738228838866,265.34779208839416
100,-137.85379480605997,7.800709885779341,-239.21291697320774,259.93426618972194,3.9619339989492346,291.55961648398016
101,-108.1795196213928,25.305613289421018,-3.4508567739820393,50.96813817756737,2.914492068434825,257.7072085726084
102,-101.26143305968431,-26.887050666017814,-105.57476773798976,246.05867655906223,-7.066714287768349,265.75261324575513
103,-289.3686066849514,24.16688035376464,-189.19701727705507,269.1254857143805,1.455909142457216,272.7373052363487
104,-401.9845226501359,9.362645198950304,34.079511360396516,207.69349051748998,-31.326943097639287,249.92890430591655
105,-402.2592569898452,-90.57004220599458,-309.65570812192794,37.45510835430642,-22.707595469324218,261.87903015224964
106,-132.38573671772946,-21.816035469000383,24.265366193891783,248.56251958942622,-22.96365855610462,279.77461355952363
107,-39.45939085623675,-19.42718473200722,-86.265649884428,283.3284066397264,8.642432767539617,252.80626341925552
108,-143.60827401235923,7.925771524113173,-236.27569050079123,289.58948658998116,14.372839489633023,269.2202981483414
109,-391.2978275005672,-19.105619197903337,-244.06260184096504,292.23270493946734,17.666509615879946,55.732666353912805
110,-415.60149636707075,-41.829320007938065,-193.19471667901541,265.45911203000725,-16.82560400191268,37.98214170485468
111,-349.67299070339396,-83.80506709025005,-358.40732245260455,40.569151502113556,-4.406884863159846,243.1010699875087
112,-306.8772979247738,-86.93504429123684,-340.48544938680527,264.6409183942001,7.1232399716036525,284.38994624509087
113,-479.75348630562155,12.147552796250295,-237.75493969762175,76.93058615957409,-25.011799264116277,258.2427601993748
114,-255.3501790415309,30.5020545342295,-307.8808107939133,271.3561874331383,21.68491237080346,281.7556402535772
115,-398.034544888903,-74.725204190726,-279.29648900019913,207.6466419357224,-32.43986717110195,58.388011013991274
116,-378.46475586686046,-12.931629532411876,-395.6623203660058,287.27960702418187,-23.004695062709274,163.33298201081706
117,-380.46745767027045,-45.982358975749776,-259.3609258667311,17.12884557805245,-43.010377893834004,278.79193414103804
118,-440.0803421952362,19.668278263489896,-465.2522264021278,155.94149679036454,-52.669319812362446,219.75929689747372
119,-444.2647587391332,-86.51852580618632,-328.18850730821026,267.254206785825,-50.76602737154124,267.6605884154477
120,-420.34659742500503,30.49251703704482,-336.4461622824778,46.592853734905816,-83.36818759146544,278.5309034189163
121,-383.07872659632983,3.464023393989521,-367.7721506533347,263.5829964791388,-100.49627813991336,244.84676464541195
122,-427.7107216001123,-84.39260684173803,-394.2989848859892,49.005267627844376,-19.027352398114203,268.0885392652582
123,-296.12285715595385,-4.47732911349874,-204.85784361615876,50.044616398671934,-5.3104506859553595,247.2360134067917
124,-370.47445431701317,-80.3164433108519,-362.698277794352,256.2628916991964,-64.25654492791196,274.80874514086855
125,-216.62276132191045,11.561624870377159,-324.43743072349093,284.5310597811049,-63.62473650933146,291.20914276356666
126,-316.11570788371967,-24.386443501498235,-398.5397958357141,268.7250816641181,-93.82069093395015,276.4589480248976
127,-314.26597285276137,-91.8921587145017,-344.8699749565502,39.04628974649813,-125.32255734330542,250.20084486014835
128,2.3603311024644213,7.461661613670998,-196.65907379312253,263.0145363492679,-27.818774326679346,267.8476297930186
129,-177.77538556812942,-80.56326755146844,-322.5560615556949,50.994956187487304,-37.13239064587668,274.99883141047644
130,-214.25402420758988,16.22338302464415,-237.31101319877794,211.78927360183775,-87.4805529805359,273.6127531851148
131,-251.32007523854477,20.772285100258287,-388.86097223791427,273.9725929374919,46.48456096005498,274.89072194866606
132,-367.9468756317875,36.1351446807231,-358.0212799481657,261.79599126403525,-27.26187761527183,277.67281106362304
133,-148.0080032966152,44.64645650006514,-396.10917090092295,18.424535425777748,-38.66579078836594,278.147562356394
134,-148.67968282147865,-85.12864522570462,-355.9076094177383,11.497812164846636,-84.04639663625119,283.71167080266054
135,-292.31550998041723,8.201142630120444,-212.97811010771807,270.94701175379043,-56.156949882097706,256.7880148330096
136,-176.51674322510047,-5.712618230456883,-374.38544710800574,221.0963403879263,-72.86464706167231,225.38505785182474
137,-15.163608898407347,45.03643574539228,-242.33852430450685,62.80009273377152,-55.67621853570728,45.14625469718845
138,7.413568205909215,14.028503671575976,-269.489846256002,222.75515772160009,33.79354134229317,251.33285707294047
139,-14.44729093895289,30.435751224424394,-271.4209717822103,39.80197992810426,-82.17385824463227,189.97857086512352
140,-6.8490815203902145,28.27595881098813,-375.6279539812222,45.414438039048946,-20.37491343822788,249.1863336721276
141,-59.87888302439706,10.553685876219987,-328.0167444682903,26.15933780770699,-17.26773400348837,298.7992180084089
142,-15.080758410401913,-34.005210241632824,-389.1454704362998,272.0945052537719,-51.05900432842334,258.2250897227035
143,-388.06710162406415,-85.53473812072733,17.46888745588464,235.0481400395546,-6.50845859873084,199.1688606573784
144,-449.7503119181945,-11.078751014591404,-247.6240552053919,31.13514608574394,-81.07268609678522,270.6755664230718
145,-223.12340882931056,-61.30540655022506,-330.03107022256927,54.25454512733853,-24.792695694944314,49.49222979157878
146,-390.1555203746211,-41.84061706372992,-7.961532848811871,279.4868709862712,-81.60137302256575,214.28942818693054
147,-414.17857240161317,-22.93549293095839,-346.7524765989282,46.669673835508064,37.79360034594367,280.7844475509862
148,-352.3895669993997,-95.10968163849975,-44.38880364436473,274.0322085807557,-12.997653997908529,231.94743727741152
149,-425.2173584513966,-37.909310258048606,-57.5481898125919,43.56408130552825,-0.6976336565284953,170.0784728391225
150,-415.9350731015127,17.93598493294087,-319.0994259504523,46.309632005235216,38.29806858190298,235.91064938416412
151,-323.7726920699258,-92.68378725440503,-23.984464638925303,64.0361284053129,-83.27125063757012,266.8403942063669
152,-473.92208889591035,-36.756988879978024,2.7042079380418187,261.9534609405729,8.900603609275194,189.42107181631837
153,-377.949881752826,28.005693040675936,-51.52829891117407,68.32505233807726,21.46048326119599,234.1132989020119
154,-270.6927844990222,54.25937010616144,-34.73975570853024,265.38480873024537,-83.11486159980018,39.23269933630178
155,-459.4692516374506,-18.337754845089876,-297.640151168064,41.09172985042625,-100.3408012345914,227.63711389443822
156,-295.1604009029003,1.5122746456363814,-291.5857248386883,294.8693221334488,-44.98717668706462,270.07065299659666
157,-356.5289636070784,-69.03611751233433,-379.6644556587517,243.723478295129,-32.44738138229282,250.64332725421698
158,-289.9689998171124,-26.12491559703018,-172.71199704204196,290.54174311906183,50.85078172499115,222.28893630166073
159,-319.4145931446455,38.759806339270426,-137.94471253695866,285.229782753781,-119.27186162898929,266.6660886363584
160,-402.8037481033747,12.784655024589682,-258.6868070460945,263.61074437216087,-82.85487259057138,249.81607485341735
161,-417.17756369842687,1.5046210083573612,-70.74372215206617,273.10739814118983,35.83222656101657,255.0083165559724
162,-421.1505431131501,-82.40244416473007,-34.62196033999673,263.96351342840796,-13.28819989200494,54.03172682577909
163,-322.96998216848357,-39.27778316266853,-154.0011871491277,27.685119561796213,-6.365310054074087,268.5268395795141
164,-373.2540830630084,-72.83090943544374,12.627716469977969,229.50695484985314,44.53954979670365,46.59583770697287
165,-389.4699449363867,-3.5153903116978995,-116.18769511382425,245.49722335659044,-81.05128752885176,283.2765712942004
166,-406.75818836232946,18.972169500927805,-30.641677733053555,25.271689056667498,-28.807013199962924,239.6467198845134
167,-326.86792439374057,6.995082131705615,264.035551399931,254.16820806438253,-78.77674368415686,275.7032540218172
168,-394.61303155078383,-1.8139295917277707,-3.777782785426453,56.854406583612615,-86.63776721594719,248.65905978749262
169,-443.62952380397405,-85.02296396420834,-82.76076600729084,281.6170374203873,-46.56562379903021,278.49034648609154
170,-417.92414411563567,-86.96364066029236,-41.51440461910765,251.3340444001335,24.81230008672,276.72584767446403
171,-406.1443411882928,31.278211449910117,-16.875816612253672,278.98094082572266,-8.4305688618565,278.1991951000495
172,-365.467835705208,55.368620748202176,-310.79127764757965,44.91174156031093,-82.94094711499292,251.8282868451115
173,-332.01028225334926,-44.50133761710242,-102.36341246479537,270.00665216568154,53.56852631713261,249.47500830017904
174,-414.32949304504837,-39.08912412974374,-55.26178750697083,210.9605126276477,-98.0671481464814,284.4889154632691
175,-380.9985207822927,-68.47522074561539,-56.52625120788372,249.13223192083788,-92.95560142582428,282.42665047622694
176,-317.518674145556,-18.24916681111715,-16.438260223879922,243.98941248364034,-30.275444201248575,266.3517645087372
177,-347.7909285436208,9.290350212616758,10.504203048633315,249.960361843729,23.61212381265004,279.9023861740324
178,-432.914672787288,19.56896693334292,-6.272925673364725,140.0980664083228,-70.248249417232,267.22847110812376
179,-378.3614108894465,-1.937019176428464,-20.890819696806062,234.6980079565763,-84.16658473717754,253.03150499395124
180,-301.74217840538927,-96.75973546558127,-174.61510043603388,258.814561626053,-57.22375094957951,259.1142283765051
181,-343.1540905547496,12.582126615719318,-191.947889030118,285.86235635089895,283.0220111202956,276.783209498406
182,-404.58313281709445,29.504312354997467,-289.7702110156862,262.8932629793815,-75.34098353384093,290.9385460353338
183,-265.43262411192546,-34.415263476721094,-155.85827027693733,252.185961786653,-38.17762481171579,282.5863757051307
184,-374.92422382211555,-24.879886222272233,-138.12696435003983,244.85970433776495,-9.33448369908588,274.2728102473686
185,-418.8924087194164,-13.7718829425597,-298.7579949264542,292.0035960416518,-143.171470753258,236.63010522510191
186,-300.53283081992225,9.607027463368041,-321.9193344062608,52.359332586497885,-49.108123590869496,248.08310400871554
187,-352.9912430528665,-19.54107201581273,-24.253427556974543,230.08828569705128,-131.26267640797542,300.7185781189355
188,-362.74814491529975,13.842335557133069,-108.43508161162646,211.20701145591624,-60.01676990927484,288.53942657841156
189,-229.40183069404023,29.503719215341107,-79.1819354778585,293.25313931342,-121.85566465064676,278.72676445304444
190,-405.7219221072332,-0.03625570256167521,-290.46344514932116,246.90354900693902,-105.05335131273539,281.36827810158826
191,-148.58217402619647,24.688650808205637,-116.3231330884353,229.98650456626984,-136.53684949904618,246.34456062883348
192,-395.7040723661409,19.269299449213577,-163.17818211638556,277.291418339819,-401.27873710324195,254.12590939208727
193,-334.0956997666042,-70.05788534501735,-233.49268959576733,62.59432928706286,-314.2037670408916,271.97131144048524
194,-398.5202340021837,34.35308703190424,-213.0684504841781,246.52519305416524,-291.182482409811,259.64948303577563
195,-347.90329140073516,-82.3349017517576,-290.1545932332191,246.23081339216014,-227.22481498105978,262.9350264488069
196,-407.82087487941,-83.21545573846592,-302.30521439151084,273.13037437804275,-311.5367953561146,259.9736857130114
197,-268.07653823759796,-18.720938087345417,-32.94999287474272,248.77596495753843,-382.435465162985,278.5073069826475
198,-357.82092170815554,0.19339470229047606,-192.34070631904657,268.4305081009779,-398.7551078474369,274.10342154234655
199,-344.0626670206045,-63.173375503018406,-157.1538879240157,253.02822027270216,-226.14048944085903,270.4067813051554
200,-384.63320410941253,7.338773975498611,-178.12942180347946,18.699438068252235,-371.7576079747875,265.31434712810926
201,-364.7574300580654,-14.299122024574615,-336.8277761295995,234.50882973380254,-264.05653598659563,300.48875324776475
202,-339.04224026063656,16.368297361555932,-82.92288870220284,50.04012126613293,-355.5296028329939,275.5423159212319
203,-364.4693616517555,14.104846150375238,-11.680937113188264,54.214998407875356,-130.04964590400817,292.66506378768344
204,-354.64184505892774,-4.242010008849917,-319.85704818269176,233.5859996851169,-140.46463358346386,260.25029316544806
205,-345.894271942337,16.471702578649882,-300.17899894339746,274.86059379678613,-346.85306829297497,282.3441148937311
206,-299.50522161259755,37.75766922370059,-331.13783424726614,244.5662991587766,-387.25108418345354,283.942526296676
207,-379.5557705745437,42.68974529142133,-404.9680240968577,33.20804613001292,-401.4964991047067,282.64336000671324
208,-430.02847697235046,-39.83238230992393,-293.76437877687283,51.77969892791134,-393.29764316195195,274.98002880494334
209,-268.16632609439876,-13.688727986142197,-308.75971933301105,39.83944751140672,-201.29740333649622,287.0923667586808
210,-317.83885041612314,35.32637808213025,-209.00071380383162,258.15026635616994,-393.48320947072693,290.56233543274203
211,-450.30321001041364,-2.805297522377913,-301.6237322861282,44.38026381668959,-288.2788882599894,281.7537488278747
212,-386.66145045640997,53.26370217684848,-280.73390036074306,22.26607367839442,-342.995851253127,272.6557645044356
213,-429.90615865541906,27.849587248109714,-355.0660970949798,283.2978464996492,-132.35641468488262,299.3097536448581
214,-207.52443509406191,-2.9188004642914507,-382.67558180087036,24.335418742989148,-150.31940677554095,261.1209424386884
215,-347.2305819244643,47.55879593046845,-358.0474590034912,293.70340735019306,-285.9537043903984,282.14361232801167
216,-329.64663611689764,-21.0760059286672,-416.0528229028765,277.0845975197576,-118.98322460074809,285.57437012138706
217,-321.41674249968764,52.23702013582019,-418.62934675282287,253.3843373178947,-344.94617417770996,287.54210258135424
218,-345.2097946163924,4.265114661436286,-408.1433703534348,235.28152953943254,-298.69877890422913,280.023914154609
219,-309.63356838093245,17.73451840020877,-288.752887628145,180.0621644211235,-368.48674494587317,283.2685885763992
220,-390.04450609803075,-28.692807345738217,-234.9436464264034,239.61276943335034,-297.59092018431636,292.0616349817518
221,-374.34738149912073,-4.6795905982032195,-273.44039580086707,49.57330567706333,-139.5897691576272,273.46709080413274
222,-264.5620750379701,-96.64272821599252,-312.62633602987347,222.49802497196697,-124.60665034895331,275.6230328929405
223,-336.6235218340579,-80.65134270744966,-277.64628023977315,270.5491372876743,-88.86599165865809,276.97738229475715
224,-232.98408890244846,-64.33765383697465,-309.6218228528479,274.35604235087237,-345.84421731732675,280.38430499058654
225,-316.38569774252244,32.31262924034331,-339.6285204904028,79.39416037916094,-343.10722989021565,277.345431980896
226,-337.8977244099506,-95.78663465527353,-369.1040398378182,262.05536349520025,-360.02892899236537,258.64993359516745
227,-367.6347969225074,-92.1699944316415,-355.6188636761971,62.81380696413186,-394.7100597709439,283.80231719414036
228,-157.39450664360828,9.933823300077307,-302.8085870650548,51.07995720963066,-339.77138192066593,277.7492625230551
229,-338.3698945376841,8.431635060349365,-226.21770626470794,243.90273329625296,-312.4818059040832,289.8069708624809
230,-360.50314261348535,-72.00851564762249,-277.6367204077661,57.117249469812435,-301.6857683205785,291.16942331831456
231,-345.0014205950067,-42.416347811219595,-369.51378465376143,275.67568289446024,-186.40904659952577,284.10789181811265
232,-356.7345372307411,-92.77778599726898,-313.98580953235137,286.0802099989114,-350.49814860074025,289.8357463018257
233,-351.77016164790916,22.511780572850896,-301.0324956408292,268.53163168232834,-261.7910771827985,282.1673355503485
234,-297.61448165125574,16.295873659582753,-379.76142783607537,280.6750760243715,-168.49607717615854,302.87100978615126
235,-282.2096380256037,-24.674157945203604,-429.13238483230657,274.8931831001195,-136.18154069329933,278.811663142342
236,-350.3454199764873,59.19513872137583,-392.6703703059313,284.58671871213915,-160.9259566818716,297.00511480877117
237,-343.7401195014294,-12.655054390724402,-418.12745900673,65.30369791355682,-141.97217484497435,295.2865917082067
238,-349.01428802754225,-78.87162509889598,-388.10513740150566,268.04032699243527,15.83513139230135,292.25419234539
239,-398.3222401639928,-42.83061201410075,-443.37507681825184,60.653537846779756,-120.56661386444046,312.7778365022158
240,-315.80539792726665,25.117179681207134,-320.4211204811739,271.6332638328953,-137.99766890226863,287.84882670739137
241,-329.02001243519885,-88.05931782113515,-339.2850174387478,56.29058832363407,-149.20403585805113,301.3726095731084
242,-363.6933415443842,-15.765502105385849,-321.98704135330763,277.7346920137269,-372.80395633618684,304.2839691839179
243,-338.52963560954913,14.322609778017892,-415.56950758045394,285.96738266383807,-239.23531848255286,273.33626524420697
244,-354.33644514904165,-16.303351550079554,-348.1027902479327,275.6908680892145,-110.98021168420226,294.0171593867968
245,-331.4237721095293,-16.70223030023567,-338.81531913950994,263.1339048861821,-80.15881954872835,293.24715537242264
246,-349.84658641578693,-34.04837444567163,-399.5251016148263,260.78501481880016,-243.51767487898712,285.4406339744906
247,-330.6765202675208,15.71075951559348,-375.2013596141638,265.7219417811089,-47.42289706939346,275.9844867587409
248,-310.5090716931844,22.123950805702634,-356.4505279247587,44.28456349366991,-201.85478143767125,301.26192278018357
249,-317.9431993369301,-90.28906070347364,-363.5658333109726,256.6576934403649,-74.4770669570783,296.1947422826518
250,-319.261045078934,13.067758561490493,-343.02540868850554,269.64174268259296,-99.78029625648945,286.8295532471084
251,-343.7331655035549,21.571297764681333,-328.99667216671185,235.82960913360776,-142.65025702676064,296.06481461890223
252,-337.9608381734837,2.112911244323527,-414.5959187881542,274.63441747174215,-224.98004098932768,300.23919832436735
253,-403.67272977184535,-79.07041975193275,-417.47187301096017,201.81121921144722,-172.4596221702147,290.1187722071264
254,-337.62299686786605,-80.9290166957525,-379.22762190379257,253.58899985006985,-94.99544719573552,295.01717481509127
255,-285.741387051092,-75.14824569877325,-359.9855227250438,266.25958791890537,-117.51598840330286,304.0259417286424
256,-349.63335856153446,18.191735602685043,-334.8760561707787,263.71873577895394,-86.36613060447797,313.03921520965685
257,-335.70147524505876,-1.1936745841733227,-428.76236776979886,283.33079096207956,-176.19873828343475,294.9932871682763
258,-368.1193371412395,-85.77247045331,-356.9269918046503,190.53131604848863,-135.57399606076999,304.9590991232818
259,-331.560305631246,41.35984205343749,-405.578136509096,234.93998934861213,-315.3393401591718,307.7077267685106
260,-83.97047120693648,-30.97495019624796,-335.1200407657966,37.45148883632186,-109.83367745777502,318.34005153398266
261,-270.06483405196195,28.527476678157086,-354.7656670921381,186.40389704614603,-120.76833104497487,296.140292568943
262,-353.5380836636524,-47.96463644770709,-65.456296855859,271.2636086068213,-66.19580452936944,282.15082663927365
263,-278.735982564177,11.251497063861848,-163.97256131188075,233.921055560708,-108.63796870838883,286.1328257746112
264,-165.31541157787174,-47.92575901944639,-82.2365048555842,21.785251557690188,27.161630873078934,292.05017379502425
265,-146.31031880920284,-38.19154601090763,-86.79363504869399,231.38022141689282,-138.4449770010732,305.85498064945733
266,-356.6118792218574,12.628306980970521,-402.5524524933573,266.90853560949324,-112.34554441758515,297.5268618412687
267,-355.8372294201815,-95.95310856441228,-196.02580915798976,236.85905748445094,-37.31204993983087,298.15618714082
268,-353.14509888773034,-103.77483482253666,-374.982448637206,259.9771329173197,-100.70970553931464,304.1358140258685
269,-338.8746650097872,-84.26079351178002,-301.0688939573829,259.7277632647116,-103.55995388827746,301.7009981887878
270,-192.40247546060982,-34.35661535472525,-220.47363436567002,36.858706735224104,-15.027673230727515,330.0274772578714
271,-340.8379977686751,17.30806364588915,-345.39572986716223,204.02013306515437,-24.525715737705355,302.2923655252764
272,-359.6234705151027,22.838517242070594,-363.74496482389,47.65735985334487,-67.71629397429484,301.23616983112447
273,-369.12796769179334,7.226017652589945,-365.3976694603078,46.53154281431978,-47.33990649618729,318.15349650180633
274,-212.3612194100009,-93.56517539570913,-330.5793681881742,42.42775845699663,-137.57523168412945,313.68500549633046
275,-204.59588218736585,-87.35059493237455,-332.2745299710475,73.12811806618838,-117.5388194486813,301.45702363293503
276,-178.32168584600797,-31.511223043497694,-400.0766398734338,264.7828595822376,-169.77806353147128,293.9952847253193
277,-115.70135095757526,17.294827394928973,-236.85555562171479,279.9196144400699,-104.08039183441241,311.2666278592464
278,-260.5079030317763,-25.620123041671263,-324.77611469641545,245.9946226194269,-403.532554456669,294.8380544988197
279,-282.1736140376465,48.904255274745026,-376.52625498316166,242.64800601389453,-99.02995799613683,324.52029117708
280,-129.7484943748603,-64.86194174288843,-110.69195606131771,259.29708403189863,-191.50046260777373,303.6647608120489
281,-240.69434770548696,18.075801926375362,-188.10007747258405,253.19257575164866,-108.31820973729516,295.5344423765347
282,-148.868759298445,40.06807535540247,-335.6763209290787,293.32453781868884,-214.69555734781454,307.5356579509927
283,-133.39397486947314,-9.502110462505144,-217.0933731153088,280.63193089542335,-266.0697342307675,303.77416969037057
284,-104.66594402287298,17.95946503258085,-362.014041590929,252.41330392726215,-396.5153156927926,311.8921112510517
285,-131.19423666589137,8.665403038375814,-262.433967967042,263.327178207048,-133.6548092656002,307.34693480915934
286,-268.09709838781635,15.503771076162167,-256.92747443849464,257.6381148515652,-315.5348868609077,312.70949188612593
287,-103.75054693385108,-78.1439188949763,-282.09856643691614,45.057529868073516,28.40619585782025,306.57716035534236
288,-128.40705772247534,-84.1499182300339,-109.93747247479504,279.8945515862081,-143.71306132284488,302.7567614716524
289,-274.66207659247675,33.64957677353854,-145.258350205785,241.25394278649208,-384.11996980375295,290.97525706477654
290,-371.41500217924056,-80.13349783106378,-359.0068536369268,268.60769676153785,-170.44190018760057,294.5395327722465
291,-321.512443290542,27.279400371874033,-239.87591497079063,292.39733263582445,-197.4297782085123,303.46063403436733
292,-280.04651016062206,-83.31681680834403,16.613999809304715,263.933100305352,-198.82530874868684,298.4928189534319
293,-339.98908699807293,-2.8881289010057287,-286.20452889706996,275.04981932823,-345.97107836128674,315.69399043874154
294,-337.13560442839855,20.740414991661254,-301.33176306749795,243.60079231093243,-272.5702850815327,319.2849013906025
295,-338.6153751235774,-88.63331490887782,-263.2372574465915,38.129551762865106,-138.47178865860027,316.98073357884425
296,-332.87754540172875,-90.81540888887992,-271.02926125198474,51.491828639616074,-338.44524352872895,297.081278044061
297,-334.16008297066605,31.892367587630275,-312.6939719688793,268.1690204436837,-280.1423933371509,306.6064741469694
298,-356.3924321125645,31.066154616892163,-339.16276487166874,283.2133352727287,-293.5485268382851,310.7536533222554
299,4.076520809629841,5.4368780151429235,-340.1629435214135,74.5249163571413,-88.90510583069712,303.64309934960517
300,-318.11678509602484,6.3186410499381225,-314.5378443252461,230.52758383307622,-318.5760292012569,309.06634639766474
301,-362.13691299067244,2.208067123032862,-348.7502298096324,64.07449686523458,-240.09466910234045,299.174246760957
302,-329.28348866738327,-84.15332269756297,-327.0438905383813,57.30950788027337,-141.60867548175625,298.7316119897015
303,-352.016287634194,-26.667175493633067,-216.15454423757694,244.7438736377629,-164.29209931143768,304.6310525081926
304,-365.53664677963707,-0.9893592525522763,-328.75872109984164,259.7289633317532,-70.64734177620684,317.8928985248126
305,-292.3072217400917,11.603408318487766,-208.10681756925013,82.0534899540021,-82.5091834903539,316.7943206739574
306,-303.6571665114029,11.377584439733894,-183.6346675141029,267.4456596565522,6.906529770155302,295.61462380001194
307,-261.8059212941548,34.89736563785854,-242.27644182127443,255.69527099080403,-131.56990112022976,314.8230774041309
308,-129.19560249135853,-24.57349002814769,-30.303696238292133,48.098775777334964,-0.09539606749108032,322.29265248217115
309,-31.3866479067282,-68.16564453985228,-166.9962449018587,49.0565637635994,-123.77736262260393,308.8871911888715
310,-169.92732888931602,-73.21072002398392,-157.3856158941206,245.6865873881697,-86.04062162316606,311.15764557360774
311,-344.7191491119738,-63.17148627534028,-230.8958759067499,29.446824013540805,-141.0129226132439,300.6313160981597
312,-436.44116910900993,-20.561075130694917,-362.50896199572486,271.53157810710275,-120.85696560270011,322.7750833834665
313,-73.10182599914432,37.33462426935574,-270.4308460754506,275.39426524077396,-65.40668862117522,307.753036933575
314,-121.94776122594905,-89.56482107907107,-317.7915437408965,279.88227178615415,-127.96240808593417,304.0605926690293
315,-171.71780848787915,-58.84647571083527,-0.02949974729222049,257.82295191273624,-107.91411958451263,302.3734069871799
316,-343.5482574279857,10.042977463666062,-275.14135551772245,50.72038618513557,-102.54965981164318,305.19739049508576
317,-120.63051084716467,16.700835331296602,-284.2820864173433,192.43500465347475,16.22508255996881,313.58845810185636
318,-173.45247507039784,34.59895375987418,-217.25581338331438,271.48221797597927,-43.53208339659275,302.37149073702153
319,-313.14055308538775,-80.85630230237658,-153.96783680159427,268.0333720841837,-114.22340882276197,315.53311946537997
320,-183.16670959282771,-58.73436913183038,-221.82942981821705,35.19186434535874,-89.82518301699767,297.76885347763994
321,-330.2849027978808,-64.3435135152177,-149.40403034227643,245.3742108701182,-110.91152673977946,314.49057623614294
322,-129.61816414989954,-21.706882433720878,-220.23637438804082,56.57947530910616,7.685248207967433,310.8379153375876
323,-302.3449514220648,9.799650959820866,-281.06502334829656,53.73012703193615,-136.79857992425366,326.6479599731826
324,-314.40546374323867,-90.0332969023232,-74.78655683802049,37.763828288153434,-122.01844552666232,316.8048551064877
325,-327.9314577040384,-89.48194886672994,-212.0095483241152,272.5237088431123,-87.08011758288008,312.0870016165113
326,14.98133560806464,-80.49035525130647,-293.8940390777676,236.01964057745946,-114.2797267235445,292.6954217571174
327,-154.2707096085499,-17.288836709845228,-130.98368447364336,282.55601679296797,-89.98828727834041,310.7889134290899
328,-245.80617605506265,-15.125781319814607,-162.49195145506582,235.24090425970994,-128.86230225504482,307.8015560163766
329,-307.6103442893971,-13.295822984703307,-165.4932894954843,241.44131947693194,-122.48984311331589,305.05520755206237
330,-294.7970537378684,-28.231796734963268,-76.09217112322641,261.4922203268819,-31.604204296832194,303.13376801636787
331,-412.94617146364874,-24.805470760829536,14.695626822181538,250.37489061784558,-122.30872390015367,317.0064261368476
332,-175.94132284700441,-74.09836599245659,-39.89927460152407,45.03739567891165,-36.20204710122698,316.31536494201896
333,-230.90152694769003,23.0929259055207,-253.1075170654323,265.59997178821317,-101.36683468084765,315.891101142946
334,-124.90770605148383,-34.37320095151762,-6.0373345653376305,260.6899685294933,-103.13582847771309,310.0411150303642
335,-413.7413157459358,1.0929571623560577,-85.44125139193004,267.2342789519287,-112.5275835882324,308.14874616324937
336,-208.36137428431755,-86.88889013732071,-56.411953172982464,260.10507037861197,-127.18677931465233,303.4187066044593
337,-127.11804458797717,-95.56645471023643,-103.8821750346263,246.14211369166765,-114.9028455873124,308.0649058575002
338,-192.30633962150688,9.265422965625419,-46.91798758030215,259.64150429905175,-86.16242812028925,308.7426098104016
339,-122.31498351836629,16.786068805287755,32.05383108297505,255.1564151559633,-150.0641383725328,302.03980757959914
340,-142.10295878716835,-83.72690670869048,-76.2732609149684,272.029226965868,-131.52300258891378,303.7162487669428
341,-136.09056974097703,-85.45930597166904,43.58138113181283,53.044565605704946,-141.66008743599048,307.14664545083696
342,-124.23215083679987,1.6051408401203844,-38.543062467858746,221.25388948646315,-91.81920820452645,317.27242625260294
343,-96.46157942847739,-80.15575565515493,-98.39155814089378,121.03197048534713,-86.4542471941742,316.4087131221652
344,-164.61927895461824,18.740358600718764,20.948287869766872,244.6480015206413,-156.16566803916007,303.2751905042227
345,-166.84047820971983,-15.214952295562,-78.53498719002407,269.81862625057227,-62.0868339113118,310.4643941936813
346,-63.855750808134616,31.073689263562414,-129.42302768873665,253.78892173743992,-90.83645243116665,301.119458464392
347,-200.1644301149305,-68.64387244040336,-21.911787308942664,263.0668784747126,-132.4066054057575,318.59213529488125
348,-122.35055876464754,36.535204036803776,15.29289113258541,45.84204348333691,-100.25848140380222,299.5280828118964
349,-14.152175900279346,11.088176633203261,-86.98974223884511,267.4722969188796,-56.31683908002695,310.36066904090296
350,-102.0244795979286,-69.1342234888893,-63.7187244095786,269.00443263475336,-76.90704107715743,308.01906062286696
351,-191.21350781980013,-9.4912007325335,1.5695422385909126,215.1649659582543,9.230861584890818,310.1463842718333
352,-206.00914772725906,32.00406709925278,34.633659952562965,243.06674987999344,-71.36291207052335,310.7527022845303
353,-115.58328306153385,-72.16674229846387,19.082723940591634,247.54667457513634,-68.8116189905871,307.98603044955854
354,-95.00795324250439,-57.48332991176329,19.402617891799295,254.58212831102205,-48.6833519036187,309.8387788784403
355,-129.56671853054084,-86.67174531464082,-57.62546772983518,290.30950207905306,-101.32665564168173,320.54610342654314
356,-318.19919547924076,-21.932641025988218,-117.23412715026595,225.23305230435648,-50.6071391731743,315.1152015779398
357,-382.5916003438376,29.117448593127023,-34.41421402589499,260.8773046588752,-228.42658380253545,304.38187804404373
358,-357.8910159620307,-87.54985740238101,15.432429243967107,260.87663051692755,-14.076361991024427,310.71390949194466
359,-156.90516465871735,-47.24193484356428,-78.12716701840037,230.09915805070383,-377.40348199992314,302.4974746825128
360,-255.65627316109334,-22.508283722849626,4.1957375803742565,274.6874401216115,-114.97646653142714,308.208621525167
361,-141.0319009492744,-65.53237171505896,-221.6502727366132,262.0555093057981,-126.77661189995258,301.7001958661944
362,-404.5120469352983,17.035805103902746,16.581285043156427,215.8518702177136,-118.53388728949511,309.58578043586283
363,-153.65889016610484,28.111968442816845,-237.68937007200788,256.9462989021346,-55.33898334259917,300.8234370786066
364,-123.59364113862011,2.0850724234156672,-12.456174964178032,257.5377109781708,-111.58582851806798,307.15575002691094
365,-67.243586971996,-70.88006699391235,-129.82298683093788,255.63523360674537,-149.8622508155545,304.9394160088982
366,-121.98128456000396,-43.42361672384733,-337.5804870238558,266.6035886627551,-96.62651319486048,318.66006159735446
367,-265.9379930695028,-83.09513413736096,-342.56910993643294,262.61781748409095,-101.89192065785477,306.62130774254405
368,-376.60838940889494,-84.32209092095775,-163.99229594325863,265.2622819454595,-1.8189213120580519,309.0476694228736
369,-93.01693937803111,-9.842861796449938,-186.31140697003025,242.67831340166953,10.245616532773838,310.87552282772003
370,-75.71477892888764,-86.14029188485326,-141.84373326758822,273.8171551694944,-122.73280917026005,306.3049804862563
371,-134.78404567647527,11.948325928799846,9.400097826143082,287.3404508501517,-80.15827596602244,296.61045206918106
372,-59.17440315953783,42.89636272157071,-23.1354279095857,259.27571840041674,-119.63916452142996,303.6525637499224
373,-336.33867462354135,27.785473232099676,-41.67080763032907,56.537329169067476,-92.06725007273442,314.39194546656006
374,-34.63270212350204,-76.04971728690177,-207.8414278828718,268.69140608392445,-8.771281827623412,307.5010740533327
375,-262.46332565518094,-52.47118431890585,-80.56809864052083,254.90029527359226,-99.26886080292061,308.24467096103086
376,-229.18653023768996,11.878471104978132,-17.757607605366573,248.38497831112332,-28.585805868623765,311.2424989462564
377,-365.39408553650105,15.399969080645818,-73.50252254043542,275.6943764134976,-65.13106476920254,309.60824639128134
378,-196.91650931662065,11.49271106922943,-9.381058472136772,281.68493639271344,15.237894414435658,313.7652947882213
379,-140.93813430260326,17.004346125939975,-7.361656596059333,260.6443570033895,-32.9266334137304,307.3942032592025
380,-245.42209113252738,6.10270557573142,-34.02847959578156,272.4494806794336,12.22526065651057,307.27552389311325
381,-331.2664339476016,-0.37094089906858585,-213.62346051040154,237.95065696122327,-26.83373137542867,297.3813343192113
382,-190.4474542292465,-87.48679022068744,-160.815842916181,252.9031137832203,-6.447965341328782,305.2975066136581
383,-123.89903833723976,24.004342014370565,-17.25183825986211,273.5418809337273,-26.00344121208242,303.52550866991686
384,-318.8931606698586,-47.434081414699904,22.172955025357183,255.32317291443832,-49.32595556547577,298.7860440150457
385,46.70370745295611,-12.074328523798812,-50.753494462186126,234.3606074338648,-30.412880163307477,304.20646331342743
386,-135.86232037594772,40.214007370222106,39.99565417165377,259.0030077774911,53.32507445031564,296.91563069400877
387,1.7435800523869744,-94.09922727720914,-80.4421490058583,249.01794186580338,-43.439084173444954,308.4264418883778
388,-106.71455892964359,-39.6274099073978,13.28990669716238,258.0125872627368,-51.260304393767946,304.95835319061655
389,-133.55727632118362,9.27781994740755,-149.09590720899732,280.7108225259668,-78.6488912587873,309.4300774637007
390,-86.18409400642518,19.657969227005225,-158.62716116439287,220.19137327320954,-49.35407341821559,319.9229412812201
391,-55.70065302263309,-2.3095530513081712,-42.82047478460512,249.8936623069095,-124.85052288543514,314.0419584976761
392,-89.58258343990532,1.8572371211080423,-175.02516870258017,242.85075848344928,-52.654253367170114,322.2023514756204
393,-159.66455733154044,41.273246107263816,-175.7917927270464,235.85537635786199,-31.133193785453983,309.95519202879643
394,39.44870658749713,18.526314968533228,-150.01031452448382,271.2780665878712,-56.14842073901469,298.64111119745337
395,-131.59980007212883,11.879962654380009,-125.27738463192499,277.24005917112186,-10.725796907967592,301.3839352342526
396,-143.60272047805944,-15.816072744422385,-64.09099844894345,153.60901413378107,-56.70156397627987,320.660929406097
397,-0.30641243244848226,35.58575064187201,48.105028133135335,275.2596324130645,-15.69797570073986,320.4225104884356
398,-111.98958614778707,43.415196121145954,-23.925401816872153,234.69058872528706,21.639434320857106,312.50600263581214
399,-119.3689427231689,-54.368920372883096,-221.46196204812443,261.18264567565814,-77.30146191410861,305.66492547055367
400,-93.42265672229853,45.99899346030102,31.419996283965105,258.5975283772321,-47.36397300492757,311.6249895707493
401,35.102057190478064,-47.32353087733541,-25.04312266169272,273.21456458729074,-62.65126256131486,299.63815054745874
402,-78.43390091917223,26.767393160705694,-209.6873137023841,260.5446016885081,16.242027041505438,306.0802449651709
403,-114.04844881921238,11.906923884445064,-96.46929945221244,248.55481251311716,-43.04241866254996,313.86291412601645
404,-5.117642053753372,16.45069749567891,-81.28307588350194,250.31181051009546,38.87798140194275,311.1561698381602
405,-0.9839973554052364,-26.81259056359646,-80.64020767810695,258.4291806730998,-51.723765406583524,303.23092431089043
406,-3.856482797554804,-27.01751205775841,-57.74578800831523,277.6273528388956,-52.54764418665718,301.38678868485283
407,-84.23451833679658,18.78378682387536,-9.38091704366559,277.44586239669155,-126.23187012118761,305.30764213910174
408,-99.69970334002306,-5.581842172722219,-330.9536279881948,244.90997839790475,-106.95954976296115,309.75155500319335
409,25.962041399162686,33.67767452664512,-106.93734233843965,253.12012586163695,-117.6641862181188,316.08246248209366
410,-30.537031446641322,224.50165640862332,-155.96802510521846,288.99923145024155,-39.4578002789563,308.87934330202245
411,-77.93021185535214,-3.5453506713208327,-361.0410720020222,279.6396204696145,-76.26351191461623,310.26110733836447
412,-88.82792096820194,21.34978442984128,-316.19102413020687,270.3118852997552,-48.66573350762175,312.8672451992977
413,-94.58141847541557,19.56438848967717,-337.77185119138056,266.5068926085175,-50.39467393435213,310.7323080229782
414,-113.60880787690559,31.240281639227305,-104.10535685405178,270.6855318278627,9.60000108366468,314.4830576356077
415,-91.67979058920974,7.8790026217678815,-200.2105947886742,258.95634390523844,-79.59210143395026,305.89013569807025
416,-118.74618869893857,10.4921646764316,-79.02764507834715,258.78076055705566,-16.255962402331562,316.1596522078521
417,215.2713459526525,22.453969216487337,-97.02771676033255,282.17312184508006,-1.0121043425161815,305.3692304935322
418,-81.29585378140686,24.947533531239813,-236.11737170009627,254.26846908114982,-20.14844108723706,325.6533645293685
419,-115.91541788314406,13.124385391113321,-351.4034743009014,216.6694360067757,28.716190597430256,314.55446481240966
420,12.630150234679462,49.403700279516016,-332.7929099083551,293.84922595512955,-69.70534199563207,312.9305333380344
421,23.688796525580585,36.20389922115521,-267.81155657025863,264.9361798431476,-30.769628499204273,313.16533751930416
422,-123.62197066938302,7.240013091599749,-334.38542184279413,258.06967143630624,-83.00057955615654,315.43164493575273
423,-52.88313852877894,4.733311366921683,-120.53179466363152,202.79073142014408,-34.4240099543713,315.32141482305747
424,-121.01983221455086,14.56618694554605,-322.1105392927955,265.5081496808732,-132.54731200035073,308.9843845173507
425,17.621728799629366,36.44392774385065,-320.42675827532497,252.55655315921987,-23.72011110225074,311.7209231111991
426,-104.70933968147398,-0.937307136554054,-264.07002099721063,267.19057900504,-101.42160927030079,298.4687891729743
427,-79.86479708200804,16.294947996700657,-361.39980002459475,263.9620958592293,-106.70462070452518,306.2480397159504
428,-84.89084296467374,-6.362315525111796,-305.59557456397783,260.35033302567444,-92.65413993993957,307.7548316143508
429,-116.74452892144686,19.24013795605113,-310.03319851897095,268.560564425584,-85.50852788672891,326.19441751087606
430,-103.17236864531537,13.822668767071647,-342.56648544733247,270.0110069251806,-96.15306958321857,303.81160790163983
431,-16.033250289645878,-3.0930623088833045,-309.7763439750071,274.389362296556,-90.17935391714849,312.98445549278114
432,-130.4286063027208,4.7741723656668995,-313.1901928281248,268.7251829727812,-56.99636674026701,312.87059100900666
433,-105.9373712415753,12.589737564763226,-286.97454667817124,249.39199965173455,0.6021968445951984,316.6736151249171
434,-110.73654424761668,23.217615573768313,-336.8095525221187,273.83293221347077,-107.90224637498989,312.552227326687
435,-87.60111742825751,31.12765055025693,-303.48681020059826,239.9765122421254,-94.78001859346516,311.0241936312297
436,23.71041666943171,10.598513604157503,-343.538965787178,268.9972809883118,-95.94384934597934,299.03538544567857
437,-115.52805904078964,62.84274173222707,-301.89590860558656,261.9382587262524,-44.18470031958864,315.4805173986332
438,-19.920868901109856,20.948350546550657,-334.31731513429884,285.6610899635102,76.96114034416127,306.80311676845895
439,-83.70697075018137,9.346364310170785,-283.84325946822355,275.7659171117802,-90.86193863695487,309.7958159055742
440,-87.34270644533808,18.540006965354493,-325.18153945549597,237.8271987101747,35.28937992069427,314.8809255541821
441,-80.47817952187182,45.789154416107294,-333.0805204912732,260.53510254656123,20.5958642425164,300.8492982757324
442,30.87788051501215,30.86290467699257,-292.77728517135205,272.56136522488924,-69.22884390380095,310.1468247416334
443,-114.37351878901393,42.58772822227027,-319.0902311010402,248.91554934299646,-103.51877160326544,318.0530540983109
444,-95.28243241619973,14.818419637833884,-297.94894594863825,38.983664404211055,-61.01925310827079,316.19927666798833
445,44.058511823812836,24.586951174908947,-255.83868722700765,273.16816297753905,-28.744374667627014,309.5625287322363
446,-83.26825493186624,18.77562038846834,-326.9325671358739,253.85668154356202,-0.8648554031251763,311.4586149616703
447,-119.73857581417283,34.72693818751239,-316.3595183423922,268.7325122058936,1.0220757337420707,311.4761203765819
448,-106.55706126877291,17.87271763087655,-289.0635594583571,289.210467195859,-61.015310072035334,311.78024396648914
449,-91.93906547953841,29.020679946374656,-316.08678160178727,260.4907251274572,-108.29131370530808,306.850829972136
450,-86.64852328846129,30.017711032628824,-143.73636332288962,278.1145314489127,36.51654940693112,314.91512532487104
451,-100.06375828371506,57.404455557762844,-276.9893671506233,279.5780090939912,-7.606803033152715,317.53121050312575
452,11.154638738529457,71.03951822917259,-310.4600817780339,259.2077237873504,-87.03601528756298,305.2010679679556
453,-7.12720873715827,302.78842544797396,-324.5921278298513,254.47056088306377,40.42984447231507,308.5668429540147
454,-120.3521436607659,270.5095678746046,-305.5664150502764,266.7308483176504,-97.23369668488519,318.27270248302773
455,-98.189432486541,263.00901767507594,-296.62799762377955,293.0979059984945,-96.9202215493173,321.77021596029556
456,-88.17441076713507,-2.874692575888119,-324.23963782080875,283.344112458185,-98.6664271829412,321.34704164830816
457,-92.47897227105426,18.36189805642394,-305.051883759812,297.73522937902214,-103.23594769743545,308.9889802056811
458,-84.55085343605487,16.036249617313388,-309.1748470889505,252.1899828473104,-146.83513025195023,305.26039235809344
459,-125.53867371521571,18.90196979498232,-299.5875457659157,257.1844855833456,75.95184867479301,315.5559540569806
460,-139.0911256575047,179.0924999643887,-261.39475490000956,283.40006230812435,285.3162453899391,307.22240389717183
461,-80.9183383536537,190.44765273832343,-295.55283495777564,264.79063990214047,-128.8993740019992,313.5302012624392
462,-93.38518625396387,33.912333392010396,-327.37470637075455,267.8686470764872,-129.46103342592548,321.87102386318753
463,-120.27382984549195,260.97941352122757,-334.4484836811315,272.2806145232285,-163.63093542341312,304.8664096891107
464,10.142419376242884,41.12082306609497,-342.2698005028561,262.2973106674543,-23.469261701380162,322.33014589725394
465,18.773369080158375,36.65258301575608,-254.30992647668705,229.5684239308119,-91.8985518928047,319.12228011773794
466,-101.38166905972517,17.92027028946309,-295.3168699308768,267.3148207886758,4.557029573347748,307.65973832877603
467,-109.62913712559504,13.663191443762855,-284.07731677919287,265.3678689992379,-107.45085228010626,293.4246928068278
468,-89.28167930503051,136.39262741359232,-368.60733408534963,264.3743539757178,13.055094815876203,311.2543915906308
469,-84.97354088163789,15.4648394127466,-358.2652416835487,193.84870898753226,-154.72712343048642,307.38250955796207
470,-114.15182322407338,214.77154969148108,-336.1200472789894,291.84290469942425,-108.60307065637019,320.05309480141534
471,-35.695156868384785,224.68544420838333,-283.8467379743115,282.0388921481107,-111.31142404783003,311.6067252146295
472,-85.50376329522936,27.63608334410992,-226.62747841492973,252.50714610099854,-140.33037175603022,319.1345345469257
473,-132.72983761769152,238.94228534301845,-250.77736696936086,274.2024524242654,-136.59962964693315,314.4295191829974
474,-135.453225012651,274.0627961188653,-38.97002927237928,273.2253519474368,-199.1411112882402,309.7088334725618
475,-154.27009964932077,48.528045490160025,-43.68085312654688,260.0804750906626,-71.96676395963121,303.64772353180655
476,-92.91432980246609,32.920177444319506,-212.05732161489166,270.0883569488608,-142.39004000152266,309.2305826507087
477,-100.85293412169594,24.114905091852066,-227.06058634633212,224.40354390279285,-129.73105632627653,312.18486736406936
478,-108.43692212730454,29.59934489937058,-170.2355438641503,246.77771242035706,-266.15741948832846,316.92268349691625
479,-92.58744064799629,-2.142382980635489,-312.10375861015166,228.58638600662374,-135.8456484090524,305.96866375484586
480,-107.51866869393427,57.03251088621781,-239.2307194985171,261.2155729487614,-134.85285586897407,304.28613889670265
481,-106.23306946529561,73.69009372540236,-312.5211658650735,279.5351914146702,-69.67752684732946,310.43305096025733
482,-57.24729005223749,39.07599669765213,-343.43646537104456,259.4624443716786,-157.60738230144773,313.1145076775381
483,-30.144997087056083,25.388219539201657,-344.6051369939439,247.8179216375166,-42.724392497857565,312.31031717630947
484,-132.9623201236615,37.86933544123926,-238.58215201403942,250.53474299491026,-254.66988378745765,315.0629180289645
485,24.57007716064868,258.57839510500366,-256.1088447170755,279.717700150342,35.70528506600971,311.19447422914936
486,-111.39231019624896,15.806799545660397,-323.78841792751035,264.1989065178179,-114.80160481003875,316.4665952674444
487,-109.66503393788503,34.52347363936258,-327.24536559250566,275.9634798500048,-125.08697649478037,323.27180350766
488,11.552554913535715,36.664303705614714,-297.49862767605305,238.0192402205393,-364.94923461596625,303.0967381216414
489,-100.91994193995785,23.48432526719708,-286.47189078216553,240.81267545179205,-381.37703834854295,322.3946224269198
490,-13.330462789282393,30.82658978906747,-289.0705205361065,260.7993805145559,-342.27475322351495,317.3962375051132
491,-38.783371534520924,14.93045873646841,-128.24762983869104,271.1337294625911,-141.4454800805703,316.01167847410545
492,-144.07612066055333,31.469360277575788,-290.6135512552332,252.50712536439585,-357.9547816503673,309.95014747767834
493,-131.2782603012712,47.88596467617273,-273.5251500231625,258.106835470968,-383.00208794162836,304.396422934964
494,-177.44749189772728,45.029373885536444,-297.47134452880914,243.59947812920456,-322.4048773231586,308.3623656012377
495,-138.24665703855098,-1.0688000773852764,-32.42243379853868,234.05818785161108,-372.8846032435894,308.74281085802323
496,-123.65981910500315,36.322800734219726,-212.3377855327536,248.40502763796732,-400.35674724233496,311.9769336232426
497,-140.2113886382217,23.246575937235008,-310.09268969289985,270.04725842429406,-403.8435318872393,320.7018698248837
498,-124.36003767638404,101.43432167403401,-276.9821883949091,258.28444066742105,-408.90382493699207,328.11915012472656
499,-140.1826123218878,11.90954283473441,-66.73703812929051,265.94042602936895,-385.74988238118016,308.06945667120567
500,-255.98895685391952,16.42060289870666,-223.00906810201323,244.9254461481602,-405.7903265417068,310.3446707324998
501,-200.32334021693984,8.806385569168981,-304.1255043126506,271.2273419673546,-321.7904218199731,320.8965326285272
502,-275.551268058525,230.47184222474726,-280.0445957352112,251.4424478773104,-401.70792782543725,317.8999893896571
503,-135.53994056080842,244.94226878617093,-170.98957784749396,257.9830004791186,-378.4552489877734,308.74010354113324
504,-248.18815784290678,32.47929982478783,-6.729480967366257,245.3890160983812,-285.2606892698543,311.1091109402619
505,-240.36528165273256,10.306487154854892,7.050226598161018,266.14629805829986,-344.8634480817342,308.48194955910014
506,-36.94138186855452,5.892380649985327,-237.57732867273415,271.6313666272671,-323.44272408563927,325.7461900024829
507,-62.72728958869543,36.372778197850494,-219.18996743085518,282.06557753996026,-140.7010301872257,320.72006673028386
508,-150.1121327339592,-25.455842296926605,-237.40192223123515,248.75565086262313,-360.96532453925033,305.21122173936965
509,-288.2933766347501,41.50123063633197,-248.8089323427557,261.07147882753287,-418.5481008551012,312.087261179375
510,-304.7048002469743,-2.454389320784472,-279.7674614466997,271.33453128470273,-375.33567681986693,317.9342141163035
511,-145.3730490667972,30.43307627254461,-244.053521739986,270.0338805990076,-395.7721751005685,308.1666703769177
512,-176.05207535346963,13.128952220167221,-303.85185153738803,253.6269775211207,-397.3110343255726,321.1772625082642
513,-313.2594330847202,9.184804003914465,-198.89398823466465,302.0052536002761,-391.2330123926921,325.7856796547105
514,-307.14993538001687,4.506010812860978,-236.81437256633626,250.2161766365288,-383.0357910327944,316.0105915618377
515,-390.44293364447947,24.354252311129343,-248.3490910221319,272.75021108702424,-130.92864604782437,323.8873428442621
516,-356.28447854139756,46.57051725509265,-205.43127799039308,262.6091930576441,-384.9761694564336,322.32436999198916
517,-116.4107164999935,72.97565271402033,-296.8162656366601,257.8950181209208,-398.4534486621578,314.56020118222204
518,-408.5097179821992,0.7912997690982593,-300.19510754375085,257.45988216838305,-306.30068648009234,314.4139207993229
519,-278.16176415274975,258.28109740516936,-253.78414295869015,250.67017512690862,-347.2498420834495,313.77587136522897
520,-353.1891462246813,4.063579326033405,-222.6904723783605,273.61119521177875,-379.4307988868101,310.00019244605755
521,-390.7674505821358,224.61288108227092,-327.05858864665777,250.43102178633512,-394.0703041591926,305.4747465508757
522,-369.63179394101695,17.80936048850343,-319.6501057377816,245.0526079193162,-391.2044704058806,314.0345463320178
523,-347.88580608472466,20.265388504298556,-322.04599989018044,236.86526574580805,-360.9792660587729,312.7575394410353
524,-121.82161540511802,22.114508961059755,-266.7571694201333,265.23114318418834,-355.86470047170127,314.3945676373669
525,-413.59347171379096,-0.06966030777735455,-290.22996626036286,265.3086336687935,-352.95237541955885,318.417003750413
526,-111.89870070237576,34.771165449796314,-328.26257177233794,292.00024776576356,-380.4974794311486,317.4094846957829
527,-358.71747414352865,226.35968503686263,-274.7194210025042,238.55103283911993,-143.0459654859511,316.6461861569144
528,-123.77394165691024,42.47074171652264,-268.22192498936715,281.60547017214856,-256.6539587595024,320.9355846030805
529,-270.30773572905883,47.337959307173634,-279.3393399143072,269.2219956262978,-399.7469875570677,310.89631653053993
530,-316.0766923760965,36.485490444941576,-322.56384226526495,258.839229751669,-148.2256532380921,315.34102732297504
531,-341.4474500733851,15.149955311428187,-323.5848738720108,241.51030777714027,-405.2967349463872,311.88174102911273
532,-305.9097138311163,17.1294832190315,-338.93747663845295,266.8699693768354,-108.09265279760893,318.6491395552003
533,-357.10316514603795,47.35740386925875,-206.49935750606022,254.2423376498724,-22.770185183672297,317.24681228886834
534,-405.0811113246998,34.346660875382696,-322.5322546553517,235.48409646370783,-188.8718914212549,314.3456175562346
535,-332.87054780169865,28.578181681096964,-330.0706433975189,259.94586366095814,-378.8223583570186,317.92427064057813
536,-373.01612193555826,31.67380771309766,-334.33645388922173,264.5300928439472,-191.04145710498878,327.57949198838253
537,-336.60102011009644,53.21442426593359,-354.4259481957855,255.07529305439238,-397.0228149593078,324.91816768082026
538,-424.67599607681717,247.888516932301,-348.2669394991061,271.3241997068109,-238.54337915320878,315.3607747257389
539,-308.3326073044311,26.908669746679962,-333.0332428232698,280.5478210033667,-380.51196858140145,314.5282126452322
540,-404.8276949704049,37.49192852906813,-345.1938588612704,280.6871247023892,-112.30381906605189,325.22453851883773
541,-250.2101748513909,166.9738744432488,-357.62073524859187,232.64746352175325,-49.2478199775511,311.3480167065568
542,-340.6996842746477,193.37229033557225,-345.31264316833335,226.56773531508958,-343.1690203981844,319.6957944682143
543,-321.1573944049154,53.683386794170815,-259.82398925271445,289.1402999202246,-349.60770793902634,308.97138742326365
544,-317.23153682567363,264.10377413604556,-331.98045041084947,286.32200088012723,-123.41948475323971,305.2414147609672
545,-265.93138786696704,236.2526429036283,-338.2281886228735,312.42324864343095,-384.5723196766204,315.53973003074
546,-375.86867793859824,194.8928485198016,-325.6857624085559,268.193995731667,-386.89469134621095,310.21834842929775
547,-249.04459914298099,214.05127641045283,-328.6714948883906,271.78967586430383,-343.84214418714885,312.44905990666143
548,-336.5397859561661,228.78903072843005,-344.35794850365977,238.0735704192654,-376.71691387281777,317.61064812824134
549,-384.75239345661635,190.7546850610854,-311.8896693710137,265.64822032418465,-385.98262803607486,319.680786643081
550,-410.2157805369178,205.71022001185722,-344.92824441327866,272.89694414856035,-158.65027688255006,311.27040636389637
551,-354.33671647961546,232.85599815669988,-356.54885811313665,250.03682022988372,-369.77958778135536,317.0003723914579
552,-285.0176790009704,48.12305083474479,-344.82387247112933,281.784533698216,-324.4596747439987,315.4758947256606
553,-381.1973175809254,43.10612962662364,-305.88980197680775,277.02986297395336,-387.31134288926387,304.3549547114224
554,-282.3295284666985,46.24610839977581,-180.8914872203889,281.70164793341894,-359.86222719520373,304.67755215089187
555,-265.5506882514246,22.961201327894244,-359.87412613930064,269.50923335751133,-115.55317918757049,312.90419645231214
556,-329.6931150892467,11.563772485144469,-308.53882220910054,280.18485330574254,-89.06259015771752,313.1834086975581
557,-47.93509956141094,58.834399475884595,-331.2330571985925,270.87317172468437,-108.33845548012218,317.17252343688267
558,8.078648996751298,201.83593102807598,-335.5436052203768,276.4352255005233,-113.3050248472623,303.64841738142
559,-264.07266453420385,29.665138490843475,-356.49838239370985,261.8319477835022,-126.92329748236668,310.15535496009846
560,-330.81893890853496,35.859369889819874,-333.02875338196134,230.11988745823768,-357.1628948806096,322.8077441004326
561,-298.5066597665168,-7.032958258278754,-329.3210128192308,275.19748923722096,-111.89812632427711,316.4738000607832
562,-289.87899880758096,39.249230183305514,-307.7565468647739,247.43557484064615,-367.72212759698573,318.9802360059209
563,-268.1492895344504,0.4007194917694932,-297.9308634900032,250.02932843393063,-122.22007766695339,317.0376196560603
564,-312.74183394570383,19.417354640169634,-316.9866713819432,236.7281015021037,-352.86875922649733,309.5315628987787
565,-315.887801197727,30.23829399684294,-356.0740147619202,234.09961178214414,-362.44118485317466,325.1952306346226
566,-332.4390737663455,40.89641450700569,-310.5917798787949,284.5235971402855,-327.2809412811372,318.73725671935074
567,-339.37750268144816,27.68520059203432,-354.0055316723546,255.45981876442926,-127.4799243394232,308.9598266889117
568,-303.17168891781387,228.1445105460889,-315.04104261952943,284.1718710977057,-343.21943052021595,305.342159013801
569,-338.8372875492178,26.98175445908838,-358.48278807957365,285.097684195691,-370.18857082826315,312.13690952664695
570,-254.01078471948236,68.56474171240191,-338.6818868047181,265.924343136257,-390.3462542904695,320.87002542942116
571,-185.08068491264908,28.290705411687128,-291.98910828343674,231.406448391769,-384.79489599990444,305.96401854913927
572,-322.23509523651956,215.55226378413926,-310.93176996927457,272.362315549998,-355.4012206783884,314.6501637479326
573,-319.4309249123369,31.71022141992657,-327.3563790059617,267.31372677606254,-374.7564543386071,327.43519322939096
574,-330.74009693012687,6.450984903147898,-333.0497990119583,259.1502401835809,-388.76312371898825,322.6438669162746
575,-376.2643814348344,185.56746542462076,-347.09777765591207,255.612803642103,-360.02097023659536,313.9857351767083
576,-320.05402719884137,183.86605878627742,-314.86738282000886,257.21465682353846,-376.5117109649062,320.548862562793
577,-356.9353993817997,225.3666310084368,-332.9716626179305,256.698297611223,-360.23818968945244,307.5462389622091
578,-332.1738703486327,223.16181106816333,-347.9993443388198,279.3974965411562,-383.8989027741489,304.33747020200224
579,-374.3732266071639,199.69504502659737,-340.0021456720765,305.6924890519201,-402.4307707882317,305.25895949952337
580,-311.25818813142115,199.7013799785094,-273.0703646118956,292.69120087920953,-384.14198370000105,305.00271592250704
581,-346.97081236508006,49.375357491204966,-330.73245332134036,260.2299889260604,-391.77112537455645,318.564957426984
582,-343.71939327084306,36.82135671423609,-328.6666598688026,280.08416028146246,-379.6169138612321,322.4055770752338
583,-342.113562683228,-0.9309070289034196,-199.51789215068774,252.4692003882721,-387.2727484222226,314.8014970162259
584,-370.0221128773273,193.4817581046557,-274.38643414372274,258.1391144035596,-400.90230060847585,312.21589327525464
585,-338.3336626632783,63.66238908015262,-344.1285143675916,270.27827196409186,-401.56221553179637,313.7146082795898
586,-335.14889664306327,56.655162567286105,-342.59076331642575,224.5584190101354,-370.8631836450703,316.8202802555219
587,-327.2263767561386,19.574405388695354,-357.32406774619767,268.4626335328081,-357.57512217935255,326.1463088076787
588,-358.72676564576125,-5.158894338348688,-298.03693594762024,259.9069980730668,-377.3744212358678,319.61367072188295
589,-324.63962861593234,27.307133748743667,-224.8073985180972,287.05886701414113,-377.23749038095235,317.0336318449001
590,-369.5679567860916,34.401071483189554,-323.671030901753,269.9559427028187,-378.166582797658,318.95321428362206
591,-424.4562471041601,32.882261650385686,-271.55011273724506,280.51185060906937,-237.86515531408537,295.32377231906867
592,-338.78533952767975,33.26149993222782,-295.2785032865485,77.52573520713716,-362.1546287149213,309.4300731208999
593,-337.6028668155236,5.601698719460913,-275.5330406424985,270.4569514369441,-348.8920150258007,313.7083826742187
594,-384.90415326406566,12.19439045895551,-330.65081177621346,214.6098887509419,-371.1773266259025,307.060917492813
595,-332.05675393177233,-4.527098506098753,-310.68009316490696,276.4904382361283,-190.16084432255496,308.5421198947139
596,-313.68944525936996,36.774736760396706,-260.28991684112293,271.5133542238931,-37.718754849817,309.5058664732222
597,-347.57290161130345,15.761554002063335,-300.67085949040757,232.73270537458762,-162.5670477737199,317.58058230595816
598,-258.38842085010873,20.931428532881768,-300.82440798420356,289.407022954635,-374.49828796668555,318.7875948190028
599,-152.20196661611664,285.22041251739296,-287.98536216121505,241.8865854747757,-140.69068231769245,307.07422165637604
600,-368.152749880957,62.21848610797609,-233.51246327101848,252.6424083175712,-402.41733639635834,315.2496258420695
601,-319.3853840646357,241.14726894353183,-226.7778093402517,210.54070854610268,-116.77943974368912,314.44513670949846
602,-339.60858002049247,44.009892811908685,-217.86199561914202,268.2992601163252,-168.77353962117428,316.61469335589874
603,-138.7115243284059,219.2776574606018,-219.51769375484557,272.6524091183013,-418.10562829159295,308.3953025618165
604,-191.13404292699536,14.485455237525159,-197.04835637581505,251.32674157216366,-368.55209986997284,314.1098455256548
605,-46.106731681160895,41.71924374292516,-228.78472007515612,239.2800634548698,-350.2814417048221,302.36935913193645
606,-160.72290319182946,26.424696247071353,-98.31781167059403,278.46567751406104,-384.19400878077056,316.81000018640975
607,-112.78469275858967,19.68049868924689,-160.28091836990671,261.3673059319258,-374.3824728317696,317.4307129002169
608,-108.21145762702605,237.25946954795145,-205.4754638795273,274.4955586666987,-379.0895966236126,319.28181121475666
609,-75.49193652396272,41.628960361890876,-93.22033318498016,257.28556890537436,-108.81181926586225,316.6909141425425
610,2.7203600794470617,19.070161234075513,-167.838459943651,246.2125052411811,-365.19868603417365,315.8557012729965
611,-62.65734192222846,267.43255442918195,-207.36622850538748,274.3782769715493,-368.4385404691593,310.7758235214533
612,-110.82980364317501,48.201215392050216,-128.96889900237204,272.78797833094734,24.463746410173755,321.2370159282998
613,-83.88069224798254,52.92500037666019,-201.61525571913523,228.58781272557346,-224.9316774999062,310.43976458950624
614,-107.27822391439518,34.77612348065014,-142.92159169129533,268.7662881401408,-332.004576329066,312.9874603576691
615,-51.21424904473428,212.69806210302676,-205.0450606839023,263.6936744463186,-366.4914076589757,309.11325959267776
616,-16.636636059003635,55.742084894894646,-5.418945614344722,269.35224504915794,-138.0558618960684,313.2251227533759
617,-48.82674161179971,262.071816048329,-202.34733641890307,280.14547768490394,-115.78091443503024,310.3589453784051
618,-82.29736125564934,174.07223471182223,-156.97285679498944,254.65219334805874,-377.63539246302344,310.4333363021549
619,-91.58008345745269,190.97442908418253,-209.571103294802,266.82376087947034,-106.16662527216494,324.62665302478257
620,-125.18228632396068,249.78611599729084,-216.16120054494368,260.20613903818776,-252.57748404868877,308.25458501456126
621,-128.91053405052435,262.22940579469775,-49.15946963921735,252.01849755802036,-170.88565239665695,308.8097594849829
622,-108.01803656383704,234.83914636507498,-174.06928111369132,290.93629324342413,-355.7274629883428,311.1587836653834
623,46.56178466075664,205.5660444530896,-204.8244474439307,262.61886707321844,-169.96572017714786,311.59786315641094
624,-88.26620239405909,49.76560659425064,-158.0893279680597,251.17398361718546,-183.6706965061948,313.7731679897714
625,-65.97695397250234,48.92931344340775,-133.0237856677426,258.8032550019785,-360.14867701788813,322.85120025361294
626,-46.83621759782867,234.80351370823448,-191.7530043446326,275.72810093445105,-357.58085571865405,313.5424867213036
627,-88.87433069992036,13.587115651719543,-55.133449257260864,277.1190942386494,-294.68049422693855,305.7352019830511
628,-128.31940584314674,248.69598646576665,19.572532939290355,285.0158360231269,-383.60767014319333,315.7229927396809
629,-3.5531059902914137,258.84623188636317,-197.82149796083357,274.5050780939887,-0.5146534690750286,323.7530412305481
630,-21.199950416335767,268.5076330871533,-25.91527843344636,288.2195021430882,-366.86494419566856,324.06821185005646
631,-62.153954704536424,258.53084002178844,-132.1027419428548,271.31706205994595,-107.72440017453414,314.2629601076002
632,-119.26623549595855,48.23989611672323,-91.46773896144882,264.5157132058194,-292.09489231083177,310.5637075523536
633,-115.76360575901325,218.80115521644836,-41.31169589624779,275.8171850776552,-127.64680510161742,309.51387614319515
634,-112.01597381095594,265.3535857667509,27.092185359198197,272.53371659490637,-133.02413996975304,305.29144934528495
635,-289.6144008779837,54.182315060974474,-27.66298695145315,268.0732286019519,12.950682776923514,309.8435020351658
636,-378.21656702101393,197.453778148193,-150.15684449712379,275.21716906528616,-115.57246988669795,309.6248887185443
637,-339.6322640182916,228.9616300269776,-117.70279285479835,280.73422375162113,-171.751023304424,322.29032994856635
638,-400.70101336603,209.12287737969325,-198.90022373055285,282.49227677464467,-139.21599276936956,305.3464704032831
639,-326.4379768425862,10.746886532262835,-146.74612820499814,266.6972153461028,-133.00300215892673,313.2613502961575
640,-268.91450670581366,37.906035393125336,-171.59431425960386,275.25445567840177,-304.91182747215794,311.9987371156311
641,-307.183857062206,10.759476769544875,-0.06563668769844355,259.4775345072353,-398.02795420258934,309.4624721929518
642,-313.35810213328966,199.49088264558685,-182.21477440354948,270.79286850112373,-391.9899467039512,321.466109383819
643,-361.322181266479,48.601545915662484,-167.99380193259321,246.65054135972252,-382.09064504186495,320.28510416258285
644,-328.48494036924643,18.459192375052268,15.720428314839822,270.92200769324734,-387.8979752227636,316.9283769666731
645,-238.49271468564245,48.38189528104144,21.660400496758754,271.2525818016967,-344.13416558265544,309.8375412997199
646,-391.50580750558754,26.221714908390794,-98.9764178389594,263.93873144750563,-387.30336775601506,309.71316351753455
647,-344.39790788206574,41.5349528944499,-172.9259986912851,267.2391053883375,-359.7007440152252,323.91107846980975
648,-407.4441186244576,57.216368589907376,-149.06656770679672,249.81485254712342,-404.37828403521513,319.10438154675995
649,-339.36776484126676,249.37472288457155,-158.47929668759582,266.69537571091485,-289.8315653910975,305.97013894578424
650,-282.5108182241504,212.3188184134279,-84.85260873951636,277.6145703895678,-372.33313295812644,318.7697850640509
651,-357.57430035863337,30.25225155271525,-136.25540631207684,201.0335715449547,-331.05022180712626,316.97649092639233
652,-273.8225351248421,215.68719397438113,-133.6017727872884,250.987601575918,-420.46977073061214,319.23883930977047
653,-323.56719540217836,203.0815976770057,-146.57601697423087,224.20397585730257,-107.36167165292389,311.4213252307203
654,-228.06287784130163,57.108302566965534,-41.308653626968194,248.05395069966264,-224.90841424292685,314.40933374223357
655,-321.48147179678443,218.41113223267098,-126.74565753982773,246.8184878186334,-143.63610487595685,310.57824476001133
656,-278.3871371349993,175.63280568799777,-91.56012079737098,193.28575472009055,-346.53014224940347,316.6722624821417
657,-319.17178434798325,12.81690906780723,39.050992262532304,241.48536631592458,-402.22180533101795,309.07527427957336
658,-257.04606573237334,31.353049787696506,-6.8790550656033105,252.19105349502448,-134.67980904913804,305.5149018697685
659,-130.52522586697637,191.7902195016332,-24.85655392567577,228.87623272346792,-354.1049704747471,300.5510769739347
660,-389.3822043572084,162.2942589997875,-125.4871016340396,239.4414845889695,-138.90667130382906,314.96298405131233
661,-383.9506508799065,143.49490096512378,-34.5796845647382,206.47149021105082,-120.05110091979138,313.8093569996711
662,-263.25591419401053,50.17848407875718,4.704407213956486,161.32401051102033,-341.6824851313822,321.5493066986852
663,-207.51326909296827,90.45142283807441,-2.8963871835969,202.68180491746787,-394.17428923236304,301.52095331432486
664,-263.4991978512344,44.735950911567954,-0.6698464714768022,225.5609420867951,-376.7728288409698,318.0582091228222
665,-211.43433567032457,161.8832806922029,-125.39194566809878,237.56815873284043,-375.9390395159851,316.1618251311519
666,-108.83875501641339,257.1707357225244,-89.24409041864168,266.0926017417863,-356.9435486706226,320.5753772904337
667,-325.3060178624768,236.22936528363854,-172.82289082360933,213.8429244574774,-369.4230052745915,315.38094292632604
668,-20.728113536346186,63.201176849543515,-44.56819769469026,257.4504506442445,-372.13991244021975,312.5041853104166
669,-251.3510739153642,49.72517602305075,-155.2915292447731,265.98770721857545,-356.67646237394223,308.4995612659994
670,280.0769191069551,239.0764278441321,-76.39724910129077,251.6907658436033,-375.8145004639994,320.83571985969047
671,-13.634938716460354,43.0333498909597,21.19398821419945,252.17162456645002,-348.1640754584,324.82341817860333
672,-280.3866054601018,17.187024302861644,7.24047854975143,253.4440007656997,-428.3813430356554,318.5210616124311
673,-255.16101274044428,212.83678008566693,-77.21034563089465,260.8556826348195,-367.6349919303443,308.7440490807556
674,-312.48633110164087,54.90959658608952,-110.94505204451896,273.79533960365063,-354.7626295395752,309.67117783400806
675,-281.43868045048765,33.97208266065377,-112.98792652677822,43.096371084818685,-362.5837597568338,306.662723934846
676,-218.81321034752386,252.20338847555544,-82.519704295559,251.34008631186845,-358.83740416836815,313.88497139491153
677,-269.05773879971275,206.1455235876113,-32.929503953778806,256.2438237620876,-386.7107512572117,314.5348755737957
678,-1.14975250031425,39.73573794328871,-122.19817699385757,284.11335829641735,-420.7849112940146,310.64694481893594
679,-225.46294140086746,235.1004506075656,-132.85805424932474,236.75238444596854,-378.37576571829396,320.1609785610482
680,-89.91156184787212,226.7831522364265,-109.9374861745085,273.3742949084201,-408.99443846207555,311.1801784316423
681,-241.41470839699787,233.8867441135608,-78.46892268892665,222.43450515478827,-387.7996621063755,319.5421461933604
682,-488.20813888459685,241.8105007189645,-9.351742603763569,255.70543393805565,-402.4624492765435,314.13598953640934
683,-281.48495626031365,29.509439127837055,-148.50324352799242,235.36356440219757,-409.56485907962855,317.3729746028549
684,-283.58582058087893,28.09424591051848,6.362133060515504,249.4314629194876,-339.3104644262088,312.83338657834577
685,35.255775331558766,38.60675275104521,-138.8707432969499,176.59527912479766,-356.2059634937146,319.6829339538927
686,4.301392633916009,185.4727101843407,28.939966729077014,266.3695877589391,-106.20324456473281,311.3633062743136
687,-384.4788409126712,29.610334960188453,-64.31730643514975,248.1088126921594,-297.0187619626404,312.7815476009034
688,-215.7491837190155,39.314696732958225,-99.08283991709209,278.33976852772787,-364.4156313863978,316.07915163242296
689,-450.8387545708844,254.40601546006368,-97.03869188583838,266.152339486935,-394.9758061953899,314.5249068274535
690,-383.4822892968137,17.907758703083488,-41.808947441151645,37.62726220039326,-413.4678479758455,322.0309539286751
691,24.920867847431595,220.18275658299402,-74.26966427710207,284.3233725229097,-398.3660847539363,322.59981816926364
692,-317.7220404859621,260.5054687256968,-89.57508555875172,259.80898416487895,-381.63242572035153,308.925703916422
693,-276.5745575605489,42.62549815588821,14.139389422293931,245.52179444105528,-345.4267987331465,314.65464157480983
694,-226.89700932860524,233.652137763143,19.66333570851046,56.81843198007499,-325.56513851147474,310.5979317496956
695,-292.4949760734487,35.371905983385915,-171.8643934828387,262.19497402473814,-351.8705470456409,315.87506280857616
696,-345.3839308139736,246.51514159361875,-78.41462596264918,245.79081867568956,-384.3161940451083,324.75756735550243
697,-18.250692286391114,223.5993818542508,-28.506236573302346,280.64098938876003,-376.59053100625425,312.9304431680937
698,-46.870964980968424,222.65010226256922,-23.858876339200634,238.7574351387835,-377.0897385208933,319.73000843114437
699,-0.7309136361270276,168.18058582617138,-93.08603277669533,273.0863117447011,-380.7876863336376,312.76021339692716
700,31.747177988265264,238.75209521984027,-137.71946057760204,278.3932258015067,-425.80100299169726,323.17321983817067
